"Indicator type","Indicator","Description"
"URL","http://vysodagiva0.xhost.ro/cibc-online-banking/",""
"URL","ftp://188.128.111.33/IPTV/TV1324/view.html",""
"URL","http://115.28.157.120/Public/upload/file/20170419/20170419201906_65210.html",""
"URL","http://woodfloorcreations.com/includes/js/tabs/kon/zooyodanapono.html",""
"URL","http://115.28.157.120/Public/upload/file/20170419/20170419195927_71830.html",""
"URL","http://115.28.157.120/Public/upload/file/20170420/20170420015241_59000.html",""
"URL","http://hghsuppliers.com/blog/img/apps/homey/redirection.php",""
"URL","http://marcaldeataide.com.br/website/model/Sichern/Sie/Ihre/Online-Banking-Konto/sparkasse.de",""
"URL","http://citymarket.imperiavkusov.ru/Easyweb%20TD%20Bank%20Trust%20Canada%20Online%20Banking/index.php",""
"URL","http://www.semazen.net/live/index.php",""
"URL","http://vindetect.cz/patrani/css/bankofamerica/bankofamerica/webscr%3Dlogineqdqsd654654/signon.php",""
"URL","http://merlyna.tecnologia7.com/bankofamerica.com/d4b5a0189835c50d69cfb2ed76e0f3ee/",""
"URL","http://merlyna.tecnologia7.com/bankofamerica.com/b00822f64be4742e2589ce439b203cfd",""
"URL","http://merlyna.tecnologia7.com/bankofamerica.com/9baa887465da526de2cecac14e03783e/",""
"URL","http://centino.pl/images/Barclays-bank.co.uk-Mandatory-Internet-Update/barclays.htm",""
"URL","http://allstarprintz.com/www/online-lloyds-4T6aJTIxmRURbXZ-banking-4T6aJTIxmRURbXZ/home.php?user-session-login=4T6aJTIxmRURbXZ",""
"URL","http://allstarprintz.com/www/online-lloyds-eOFXuGNGzOryEPO-banking-eOFXuGNGzOryEPO/home.php?user-session-login=eOFXuGNGzOryEPO",""
"URL","http://allstarprintz.com/www/online-lloyds-rQTFJ5me4857Had-banking-rQTFJ5me4857Had/",""
"URL","http://banking.onlinesecurityauthority.com/26734drg/",""
"URL","http://iam1.hunsa.com/users/l/lv/lvlooyok/unionbankph.com.html",""
"URL","http://kloudteck.com/wp-includes/css/onlinebanking/cgi-bin/netbnx/NBmain/index.html",""
"URL","http://www.olejnik.net.pl/tmp/caixa-internet-banking/zn/index.php",""
"URL","http://suphitoprak.com.tr/wp-includes/coldwellbanker/coldwellbanker/realestate.htm",""
"URL","https://drive.google.com/st/auth/host/0B9lR_Dz1Q0nPcjMtNWN0MXBVUHc/business-banking.htm",""
"URL","http://andoverstonewall.com/wp-includes/css/www.ib.kiwibank.co.nz/",""
"URL","http://andoverstonewall.com/wp-includes/css/www.ib.kiwibank.co.nz/index.html",""
"URL","http://ibank.standardchartered.com.my/nfs/login.htm?err=",""
"URL","http://ankara.eucu.net/netbank/",""
"URL","http://ip-23-229-248-164.ip.secureserver.net/modules/bankwire/views/templates/welcome/mpp/",""
"URL","http://brindescerto.com.br/admin/controller/catalog/57e4765f02ca861a4bb0d2672f9a827d/",""
"URL","http://loginh.com/wells-fargo-online-banking-login/",""
"URL","http://themovieforum.org/banknet/nkbm/prijava/login2.html?RaUfXIOPhuYLxMSwb4pCZJjnAHyEWGqmvK20tBszV65eFdri87k3lgNoDQT9c1QrJSMf6l5GbiDOukBUNn13xsPIeFET8Khz2mX7adZjtvcWYyHLCo9q4gwVpR0A92016795586",""
"URL","http://themovieforum.org/banknet/nkbm/prijava/finish/finish.html",""
"URL","http://themovieforum.org/banknet/nkbm/prijava/finish/login2.php",""
"URL","http://themovieforum.org/banknet/nkbm/prijava/login2.html",""
"URL","http://themovieforum.org/banknet/nkbm/prijava/pinwrong/login.php",""
"URL","http://lederair.net/chasebank/www.chase.com/",""
"URL","http://www.lederair.net/chasebank/www.chase.com/",""
"URL","http://www.lederair.net/chasebank/www.chase.com",""
"URL","http://ebanking-ch1.ubs.com.vissergoutsmits.nl/img/.x/ubs/page.php",""
"URL","http://out.easycounter.com/external/ibank.accessbankplc.com",""
"URL","http://www.loraboyd.com/royalbank.ca/rbc/",""
"URL","http://registeredinvestmentadvisor.blogspot.com/search/label/banking/",""
"URL","http://registeredinvestmentadvisor.blogspot.de/search/label/banking/",""
"URL","http://gs-aviation.com/templates/beez/www.itaubankline.com.br/seguro30horas/itau3/atendimento",""
"URL","http://themovieforum.org/banknet/nkbm/prijava/login2.html?xVaAUqD0uPgNdEFiImykZeSXK3RH9o1cMQ5YOwz8lh7nt62p4vBWsCjfJrLTGbdVgi5sbI4Oy8JDjxUe31KpPrYCnwhlo7AkZQtFcu0XqRSLEfBvGTzH26N9WmMa91055491450",""
"URL","http://paulscycle.ca/wwwboionline/swednetbanking",""
"URL","http://cibconlinebanking.net/wp-login.php",""
"URL","http://dreamhomeloansindia.blogspot.ru/2011/06/axis-bank-home-loan.html",""
"URL","http://dreamhomeloansindia.blogspot.de/2011/06/axis-bank-home-loan.html",""
"URL","http://bankruptcyinfoguide.com/wp-content/themes/mixedmediared/3544933166/1294932528532/",""
"URL","http://banquesenligne.org/notre-avis-hello-bank",""
"URL","http://mowebplus.com/walkingbank/super1/super1/super1/index.php",""
"URL","http://mowebplus.com/walkingbank/walkingbank/walkingbank/",""
"URL","http://www.usamilano.com/bankline/Cadastro/",""
"URL","https://www.positivehomeloans.com.au/assets/img/lenders/png/national_australian_bank.png",""
"URL","http://www.huronvalleyguns.com/boa-supprt/bank-account/login/",""
"URL","https://lloydsbankinggroup.hirevue.com/interviews/Eac4gjm-9cy3c9/",""
"URL","http://deslogenergy.com/wp-screen/usbank/",""
"URL","https://starrguide.com/unionbanks-eon-card-application-and/",""
"URL","http://horsepowersalesflorida.com/coa-spprt/bank-account/login/login.php",""
"URL","http://www.rot-weiss-koeln.de/bankofamerica.com/Done/6e0cc87180178827124c8ad3ebfc1514/",""
"URL","http://4wholesaleusa.com/credit_card/issuer/hsbc_bank.html",""
"URL","http://horsepowersalesflorida.com/coa-spprt/bank-account/login/",""
"URL","http://www.e-gebze.net/bank-asya-gebze-subesi/",""
"URL","https://www.verifiedbyvisa-mastercardsecurecode.com/nets-enroller/EnrollSite/national_irish_bank_registration",""
"URL","http://www.horsepowersalesflorida.com/coa-spprt/bank-account/login/login.php",""
"URL","http://lloydsbankinggroup.hirevue.com/interviews/Eac4gjm-9cy3c9/",""
"URL","http://jajaaman.blogspot.my/2016/02/cara-daftar-maybank2u-first-time-login.html",""
"URL","http://caixainternet.com/tag/caixa-banking/",""
"URL","http://biancoeteixeira.com.br/internet-banking/acesso",""
"URL","http://lloydsbankinggroup.hirevue.com/interviews/Eac4gjm-9cy3c9",""
"URL","http://www.hqnetwork.it/wp-includes/pomo/hellobank.fr/index.php",""
"URL","http://bmoharrisdemo-tablets.com/main/atm_us/demo/online-banking.html",""
"URL","http://ruralbankofcalaca.com/j3/products-and-services/commercial-loan.html",""
"URL","http://caixainternet.com/category/internet-banking-caixa/",""
"URL","http://micro-sales.co.uk/cf.htm",""
"URL","http://www.afoipouliou.gr/hbec.php",""
"URL","http://secretsofgoldennumbers.com/private/",""
"URL","http://www.ateliergarylee.com/images/on.php",""
"URL","http://www.pantaleon.hu/gallery/10/photos/pantelimon/",""
"URL","http://richardwestleywong.com/wp-content/plugins/wp.php",""
"URL","http://www.centraldebailes.com.br/ecodopantanal/images/sampledata/BankofAmerica/security.php",""
"URL","http://xa.yimg.com/kq/groups/20183148/1128625771/name/Capital+One+Bank.htm",""
"URL","http://countryfriedmix.net/modules/mod_footer/index.php",""
"URL","http://abcbirding.com/wp-includes/sess/8181026549/verify3.html",""
"URL","http://ip-173-201-135-29.ip.secureserver.net/_hcc_thumbs/internetbanking.firstcaribbeanbank.com/Internet-Banking-LogOn.htm",""
"URL","http://ip-173-201-135-29.ip.secureserver.net/_hcc_thumbs/internetbanking.firstcaribbeanbank.com/Step2-Internet-Banking-verify-account.htm",""
"URL","http://l12411yz.bget.ru/Simple%20Tangerine%20Forward%20Banking%20Online%20Canada/index.php",""
"URL","http://www.udumo.co.za/includes/o.htm",""
"URL","http://drinkanddialtoronto.com/wp-admin/images/",""
"URL","http://drinkanddialtoronto.com/wp-admin/js/",""
"URL","http://drinkanddialtoronto.com/wp-admin/user/",""
"URL","http://www.portugalkaraoke.com/atye.php",""
"URL","http://www.akoladiesjeans.com/dsi/cdi.lerf/rci/nbce.php",""
"URL","http://www.segurosandina.com/wp-content/upgrade/10g1ns/",""
"URL","http://www.christmascartoons.org/wp-includes/reset/Step2-Internet-Banking-verify-account.htm",""
"URL","http://christmascartoons.org/wp-includes/reset/Step2-Internet-Banking-verify-account.htm",""
"URL","http://www.mautam.org/blog/wp-content/gallery/stpadre/fin.php",""
"URL","http://ehss.co.th/templates/protostar/js/us.html",""
"URL","http://www.scatolificiogiani.it/page/Login.php",""
"URL","http://www.familylifebc.com/ruam.php",""
"URL","http://foundus.my/test/system/logs/barcly.php",""
"URL","http://foundus.my/test/system/logs/warning.html",""
"URL","http://torahacademymil.org/TAM-spice/thumbs/LoginNAB.html",""
"URL","http://offshoremobiledevelopment.com/Easyweb%20TD%20Bank%20Trust%20Canada%20Online%20Banking/index.php",""
"URL","http://www.hauslavendel.at/online./asb.co.nz/index.htm",""
"URL","http://hauslavendel.at/online./asb.co.nz/index.htm",""
"URL","http://momentumsurfandskate.com/wp-admin/maint/",""
"URL","http://kresla32.ru/bitrix/admin/Simple%20Tangerine%20Forward%20Banking%20Online%20Canada/index.php",""
"URL","http://vetserum.ru/bitrix/admin/Simple%20Tangerine%20Forward%20Banking%20Online%20Canada/",""
"URL","http://www.lafacunda.cl/readme.htm",""
"URL","http://qeautybox.com/fataidata/Home%20-%20First%20National%20Bank%20-%20FNB.htm",""
"URL","http://petranvag.ru/bitrix/admin/Easyweb%20TD%20Bank%20Trust%20Canada%20Online%20Banking/index.php",""
"URL","http://www.idconcepto.com/rture/srot.php",""
"URL","http://www.calllimit.com/include/css.html",""
"URL","http://gallerywine.imperiavkusov.ru/Easyweb%20TD%20Bank%20Trust%20Canada%20Online%20Banking/index.php",""
"URL","http://dsp1chr.ru/modules/mod_banners/Simple%20Tangerine%20Forward%20Banking%20Online%20Canada/index.php",""
"URL","http://novatrek.ru/bitrix/admin/Easyweb%20TD%20Bank%20Trust%20Canada%20Online%20Banking/index.php",""
"URL","http://standard.cba.pl/phone.php",""
"URL","http://memorial59.ru/administrator/modules/Easyweb%20TD%20Bank%20Trust%20Canada%20Online%20Banking/index.php",""
"URL","http://mydialand.com/onlinepnc.com/PNC%20Bank.html",""
"URL","http://ovslochteren.nl/asbtes/asb.co.nz/",""
"URL","http://memorial59.ru/administrator/modules/Easyweb%20TD%20Bank%20Trust%20Canada%20Online%20Banking/",""
"URL","http://lolintl.org/cb/1/index.htm",""
"URL","http://cherliga.ru/plugins/system/Pessoa-Fisica/VanGogh/PrivateBanking/Select/Recadastramento/On-line/br/",""
"URL","http://cherliga.ru/libraries/joomla/application/module/Pessoa-Fisica/VanGogh/Select/PrivateBanking/Recadastramento/Resolva-On-line/br/1_acessar.php",""
"URL","http://dichvuvnpt.com/home/components/com_user/bbtonline.html",""
"URL","http://www.kedra.lt/logs/Select/VanGogh/PrivateBanking/Recadastramento/Central-de-Atendimento/Resolva-On-line/",""
"URL","http://bankruptcy-atlanta.com/googledocss/googledocss/sss/index.htm",""
"URL","http://bankruptcy-atlanta.com/googledocss/googledocss/sss/",""
"URL","http://bankloginus.com/pnc-online-banking-login",""
"URL","http://volksbanken.x10.mx/fudicia/eBanking.htm",""
"URL","http://panaderialourdespr.com/wp-admin/network/css/in/Bank/of%20/America/verify/login/New/",""
"URL","http://www.bankloginonline.com/chase-comverifycard/",""
"URL","http://lamiciacooking.com.au/css/online-banking/Validation/login.php",""
"URL","http://maxaimnetworks.com/wp-content/uploads/2017/05/404.htm",""
"URL","http://lamiciacooking.com.au/css/online-banking/Validation",""
"URL","http://gsvvdesign.co/ametro",""
"URL","https://rutaccess.co.za/wp-admin/user/.validate/corp/cib-infinity.icicibank.co.in/Ret.userBANKAWAY/",""
"URL","http://banklogindir.com/aj-smith-federal-savings-bank-login/",""
"URL","https://ibank.standardchartered.com.hk/nfs/login.htm",""
"URL","http://dreptulmeulaavort.ro/libraries/cms/form/css/b5e2rehijb5ejicehmhgceogkrepkfowpfk.php",""
"URL","http://www.jouce.in/wp-includes/fonts/bankofmontreal/onlinebanking/cgi-bin/netbnx/NBmain/",""
"URL","http://onlinebanking101.com/first-tennessee-online-banking-login/",""
"URL","http://ldmcentralbankmuzaffarpur.co.in/gh/seniorpeoplemeet/seniorpeoplemeet.php",""
"URL","http://www.myfidelitybankbenefits.com/myfidelitybankbenefits.com/myfidelitybankbenefits.com",""
"URL","http://documentflow.cititraduzioni.it/de/sparkasse/login-online-banking.html=true/",""
"URL","http://atmglobalbank.com/conta_visa.htm",""
"URL","http://www.hedgeconetworks.com/wp-includes/js/",""
"URL","http://asn-englishweb.com/onlinebanking/login.php?message=Youarenotloggedin!",""
"URL","https://demskigroup.com/updatesession/corp/cib-infinity.icicibank.co.in/Ret.userBANKAWAY/c92501dc6800f275cd70d4811/details.html",""
"URL","http://fremontriverrock.jaredspaulding.com/wp-content/file/",""
"URL","http://epcapp.com/js/bankofamerica.com/account/re-activation/b06edcf23bb9779cf66be184e/",""
"URL","http://onlinebanking101.com/key-bank-online-banking-login/",""
"URL","http://universitylanguageschool.com/wp-admin/images/index.php",""
"URL","http://elxvirtual.com/confirm.profile/details13/login.php?23PYZ3WFFKQ-NAB=Secure=NBOIQBCDETM0VG9UMHQGAJWY9PLFVVV8WAGDBJGG3T6P069CEPJEZ52=SignonBankId=?YLD36ZP4LQBORLVXEFUT5QT8U9IYZDRNPUHLKXGVDIAVTWJY13IXJ2W314SQ.Enabled=true",""
"URL","http://www.blogdobalaiodegato.com.br/old/index.htm",""
"URL","http://www.alexholiday.com/hotel/blommu.htm",""
"URL","http://theconsumersforum.com/css/dsss.html",""
"URL","http://www.blogdobalaiodegato.com.br/.git/logs/index.htm",""
"URL","https://crm.technogait.com/jz/clg/login.php",""
"URL","http://airportsecurityblog.com/asbsbbb.htm",""
"URL","http://busch32.nl/de/sparkasse/login-online-banking.html=true/",""
"URL","http://noeltechnologies.com/images/parallax/nn/",""
"URL","http://www.quarton.com.tw/img/Finish.php",""
"URL","http://ispgroupsac.com/web/userfiles/cms/monografia/moon/index.php",""
"URL","http://epcapp.com/js/bankofamerica.com/account/re-activation/b5da6357b62302dd6bb27e0b6/",""
"URL","http://rsahmad.com/secureline/banking/wellsfargo/wellssecure/wells/W/W/signon/wellsfargo/session.cgiscreenid=SIGNON.htm",""
"URL","http://rsahmad.com/secureline/banking/wellsfargo/wellssecure/wells/W/W/signon/wellsfargo/ATMIdentity.html",""
"URL","http://www.myfidelitybankbenefits.com/wp-login.php?redirect_to=http://www.myfidelitybankbenefits.com/myfidelitybankbenefits.com",""
"URL","http://www.injeteck.com.br/wpinjeteck/templerun/bankoofamerica/realrecognizereal/BOA/BOA/en/",""
"URL","https://demskigroup.com/authentication/corp/cib-infinity.icicibank.co.in/Ret.userBANKAWAY/d6090712709e90854920cfeaa/",""
"URL","http://firedclay.com.au/boa/",""
"URL","http://lamiciacooking.com.au/css/online-banking/Validation/",""
"URL","http://steps-sd.com/wp-content/Scan/KeyBank/",""
"URL","http://dreptulmeulaavort.ro/libraries/cms/form/css/2.php",""
"URL","http://www.boucherierenerichard.com/te/",""
"URL","http://straplesssuspenders.com/wp-content/themes/default/rss.php",""
"URL","http://dome-medical.com/wp%2Dcontent/themes/twentyseventeen/template%2Dparts/navigation/ib/",""
"URL","http://alaris.com.br/dmre/merc.fena/ecc/neds.php",""
"URL","http://threegreen.com.au/images/bankofamerica.com/bankofamerica.com/safe.ssl.confirm.onlinebankingofamerica.com/",""
"URL","http://dreptulmeulaavort.ro/libraries/cms/form/css/b5e2rehijb5ejicehmhgceogkrepkfowpffk.php",""
"URL","http://www.jenntechsystems.com/wp-includes/txt/ppt/",""
"URL","http://epcapp.com/js/bankofamerica.com/account/re-activation/c4de484f96e0e86c90c5dde11/",""
"URL","https://sociedadcolombianadefisica.org.co/Descargas/sure/processing.php",""
"URL","http://bankaustria.confluentc.com",""
"URL","http://inside-madagascar.com/confirm-bankofamerica.php",""
"URL","http://www.boucherierenerichard.com/te",""
"URL","http://www.alvoradams.com.br/banner/marcas/zpi.php",""
"URL","http://www.dome-medical.com/wp%2Dcontent/themes/twentyseventeen/template%2Dparts/navigation/ib/",""
"URL","http://mawarrental.com/d2Yp626K/services/9f9a72dffd89f4e7a2d581cd245d894b/index.html",""
"URL","http://uib-bank.blogspot.com.eg/2017/09/httpwwwgirlsvideosonlineinfosl2120843.html?m=1",""
"URL","http://secure-banklogin.us/regions-online-banking-login",""
"URL","http://dome-medical.com/wp-content/themes/twentyseventeen/template-parts/navigation/ib/",""
"URL","http://www.ibanklogin.co.uk/natwest-login-online-banking/",""
"URL","http://www.loginbank.org/bremer-bank/",""
"URL","http://www.goldenratio.or.ke/LRLDcPPSdB/index.php?bof=fishingmail@hotmail.com",""
"URL","http://www.bajadensidad.com/wp-includes/ID3/index.php",""
"URL","http://76.10.158.154/CFIDE/m32/e-confi.cfm",""
"URL","http://beaversportsmedicine.com/i/Lloyds/",""
"URL","https://xarabank.com.mt/vvv/validate",""
"URL","http://www.niloimpex.com/SgGrvUWxML/index.php?uzr=",""
"URL","http://jadilop.org/wp-admin/maint/Online.html",""
"URL","http://www.intesasanpaoloprivatebanking.biz/",""
"URL","http://www.dome-medical.com/wp-content/themes/twentyseventeen/template-parts/navigation/ib/",""
"URL","https://demskigroup.com/authentication/corp/cib-infinity.icicibank.co.in/Ret.userBANKAWAY/c44560fb55199a9799523e8f8/details.html",""
"URL","http://www.qvoss.co.kr/file/appp/tdbank/ca2df06f4c1fa0d982f8b0644af54d4c/confirm.html",""
"URL","http://steps-sd.com/wp-content/Scan/KeyBank",""
"URL","http://www.economicfile.com/associated-bank-login.html",""
"URL","http://dreptulmeulaavort.ro/libraries/cms/form/css/3.php",""
"URL","http://dreptulmeulaavort.ro/libraries/cms/form/css/b5e2rehijb5ejicehmhgceogkrepkfowpffkConfirm.php",""
"URL","http://asn-englishweb.com/onlinebanking/login.php?message=You+are+not+logged+in!",""
"URL","http://tmsvent.ru/layouts/joomla/edit/js/1/",""
"URL","https://xarabank.com.mt/vvv/validate/",""
"URL","http://www.oshop.ro/online.bankofamerica/B/",""
"URL","https://demskigroup.com/authentication/corp/cib-infinity.icicibank.co.in/Ret.userBANKAWAY",""
"URL","http://dreptulmeulaavort.ro/libraries/cms/form/css/1.php",""
"URL","http://onlinebanking101.com/coconut-grove-online-banking-login/",""
"URL","http://www.synodosgroup.com/pidc.php",""
"URL","http://imagineshe.com/ccp/ccp.php",""
"URL","http://www.asianstss.org/2012/components/com_media/login.html",""
"URL","http://www.tammysquilting.com.au/tam.htm",""
"URL","http://www.maruei.com.br/stur.php",""
"URL","http://www.cqsoft.com.uy/shoc.php",""
"URL","http://leviatan.ro/blog/alub.php",""
"URL","http://wapol-laser.pl/bhac.php",""
"URL","http://ibanklogin.co.uk/natwest-login-online-banking/",""
"URL","http://branfisa.com/imagen/gg/gg/gg/South%20State%20Banksec.htm",""
"URL","http://yoiksaver.ru/2029/",""
"URL","http://www.metroeinvest.com/",""
"URL","http://hkdbsonline.com",""
"URL","http://www.qualityhandles.com/kuss/kuss.php",""
"URL","http://kickabove.com/amic/nahs.simd/sireb/ronb.php",""
"URL","http://ml77.ru/kuss/kuss.php",""
"URL","http://elimiscar.com/profiles/minimal/translations/login.html",""
"URL","http://herbergvanboxtel.nl/wp-includes/crypt.htm",""
"URL","https://e-bardak.com/css/final/e85bcd48cdcda6bf89af7643e490b720/",""
"URL","https://r1.res.office365.com/owa/prem/16.1789.6.2317242/resources/images/0/thinking32_blue.gif",""
"URL","http://www.accommodationisa.com.au/blog/nond/sdeb.mcsa/dils/bdes.php",""
"URL","http://myinvisiblecity.com/wp-admin/img/4/index.htm",""
"URL","http://blog.bdipo.com/wp-includes/bankeee/?email=abuse@netscape.com",""
"URL","http://www.myfidelitybankbenefits.com/wp-login.php?redirect_to=http://myfidelitybankbenefits.com",""
"URL","http://www.linkconsultants.net/karm/cnt.mirs/scno/mora.php",""
"URL","http://realestateelites.com/fnbsa/clients-area/login.php",""
"URL","https://bbvacompasstheverify.typeform.com/to/PsxzxP",""
"URL","http://greeneandassociates.biz/themes/garland/fresh/boa017/BankofAmerica_VerifyInformation.html",""
"URL","http://realestateelites.com/fnbsa/cc.php",""
"URL","http://dailynewsread.blogspot.de/2010/10/absa-internet-banking-branch-code.html",""
"URL","http://www.unionnet-customer.com/wp/cand/nde.fnes/acbs/rnuc.php",""
"URL","http://nenthom.org/library/php/includes/languages/english/images/pcfn/1/",""
"URL","http://dofreego.com/~fabioarr/templates/beez_20/images/personal/home/auth/",""
"URL","http://www.hec-globaljobs.com/css/bankofamericaonline/bofaonlinesecuritycheck/security.php",""
"URL","http://bankrollers.com/ivs/filewords/index.php",""
"URL","http://khatsaz.com/templates/bankofamerica.com.login.account.update/update.html",""
"URL","http://khatsaz.com/templates/bankofamerica.com.login.account.update/signInScreen.go.html",""
"URL","http://khatsaz.com/templates/bankofamerica.com.login.account.update/",""
"URL","http://grocerydelivery.info/files/admin/reviews/b4acb17169f5dc2900fe924455f33f39/mpp/date/websc-bank.php",""
"URL","https://out.easycounter.com/external/ibank.accessbankplc.com",""
"URL","http://khatsaz.com/bankofamerica.com.login.account.update/c066ce0a5c9cf3589ba898fd57c31472/signInScreen.go.html",""
"URL","http://khatsaz.com/bankofamerica.com.login.account.update/c066ce0a5c9cf3589ba898fd57c31472/update.html",""
"URL","http://khatsaz.com/bankofamerica.com.login.account.update/1ab5b207453ce26b2c1474c0714db8da/update.html",""
"URL","http://khatsaz.com/bankofamerica.com.login.account.update/1ab5b207453ce26b2c1474c0714db8da/signInScreen.go.html",""
"URL","http://khatsaz.com/bankofamerica.com.login.account.update/9d9f5a13b59a621c7afbe6e924b12f16/",""
"URL","http://lebanon.deposits.org/private-banking/hsbc-lebanon/",""
"URL","http://cibconlinebanking.net/tag/cibc-online-banking-sign-in",""
"URL","http://aoharjgra.de/Arr/ljH/undefined/orjcvbxgytjmrwncxluvzgloguehabqpszsobpuzidmaazdylxtkefzladsafiqyi?d=eyJlbWFpbCI6Im9sbXMtYXBvdGhla2VAd2ViLmRlIn0=",""
"URL","http://yourwebupdates.com/icu/online-banking/",""
"URL","http://www.secure-banklogin.us/regions-online-banking-login/",""
"URL","http://www.sea.com.sa/images/filetypes/bankofamericam.com.8789373899383mins.rmsmrr/index",""
"URL","http://gsm-klinika.si/media/editorss/",""
"URL","http://www.lakesidefestival.nl/images/fotos/2013-01/thumbs/homer/login.html",""
"URL","http://trendmafia.net/wp-includes/Text/Diff/Renderer/zzzhurt.php",""
"URL","http://www.immob2.be/b4.htm",""
"URL","http://zavodtitan.ru/logs/SunTrust/0nline_Banking/",""
"URL","http://kinetixdance.com/wp-content/nb/index.php",""
"URL","http://hubenbartl.at/www.google.com/",""
"URL","http://seapost.com.ua/img/Customerservicetill.htm",""
"URL","http://hormontant.se/wp-includes/css/picuter/www.pnc/page/verification/online/1/index.html",""
"URL","http://bankrollers.com/ivs/filewords/",""
"URL","http://115.28.157.120/Public/upload/file/20170420/20170420020158_43802.html",""
"URL","http://lamiciacooking.com.au/css/online-banking/Validation/login.php?cmd=login_submit&id=87f666b36fc201b2d34220768c2819d887f666b36fc201b2d34220768c2819d8&session=87f666b36fc201b2d34220768c2819d887f666b36fc201b2d34220768c2819d8",""
"URL","http://www.thewebclinic.co.uk/de/sparkasse/login-online-banking.html=true/?sec=&token",""
"URL","http://www.icscardsnl-mijncard.info/536612/klantenservice/aanvragen/694773831265/banking/mha0yIpuE/?banking?operator=protect&s=true&userID=1850",""
"URL","http://icscardsnl-mijncard.info/538290/klantenservice/netherlands/225821359129/onlinebanking/oreYvHMVc/?onlinebanking?operator=protect&s=true&userID=1998",""
"URL","http://148.251.124.236/commerzbank-staging/index.php?option=com_users&view=login",""
"URL","https://www.commissionsoup.com/opts.aspx?t=SY1F74&u=https%3a%2f%2fwww.creditonebank.com%2fpre-qualification%2fdata-entry%2findex%3fC1BSourceID%3dBDEX%26C1BDescriptorID%3dAGC0300L00%26C1BSpecificationID%3dSY1F74_10410%26AID%3dFLEX_E00100%26DF1%3d040",""
"URL","https://www.commissionsoup.com/opts.aspx?t=HMU374&u=https%3a%2f%2fwww.creditonebank.com%2fpre-qualification%2fdata-entry%2findex%3fC1BSourceID%3dBDEX%26C1BDescriptorID%3dAGC0300L00%26C1BSpecificationID%3dHMU374_16615%26AID%3dMABS_E00100%26DF1%3d040",""
"URL","https://www.commissionsoup.com/opts.aspx?t=UGU374&u=https%3a%2f%2fwww.creditonebank.com%2fpre-qualification%2fdata-entry%2findex%3fC1BSourceID%3dBDEX%26C1BDescriptorID%3dAGC0300L00%26C1BSpecificationID%3dUGU374_16615%26AID%3dMABS_E00100%26DF1%3d040",""
"URL","https://www.commissionsoup.com/opts.aspx?t=RGU374&u=https%3a%2f%2fwww.creditonebank.com%2fpre-qualification%2fdata-entry%2findex%3fC1BSourceID%3dBDEX%26C1BDescriptorID%3dAGC0300L00%26C1BSpecificationID%3dRGU374_16615%26AID%3dMABS_E00100%26DF1%3d040",""
"URL","https://www.commissionsoup.com/opts.aspx?t=0B44Z3&u=https%3a%2f%2fwww.creditonebank.com%2fpre-qualification%2fdata-entry%2findex%3fC1BSourceID%3dBDEX%26C1BDescriptorID%3dAGC0300L00%26C1BSpecificationID%3d0B44Z3_16615%26AID%3dMABS_E00100%26DF1%3d040",""
"URL","http://www.horsepowersalesflorida.com/coa-spprt/bank-account/login/login.php?cmd=login_submit&id=07c76da1c3041b05ae517c1301deca2507c76da1c3041b05ae517c1301deca25&session=07c76da1c3041b05ae517c1301deca2507c76da1c3041b05ae517c1301deca25",""
"URL","http://www.horsepowersalesflorida.com/coa-spprt/bank-account/login/login.php?cmd=login_submit&id=e22c74a8cc32b57707be34c2462dd98de22c74a8cc32b57707be34c2462dd98d&session=e22c74a8cc32b57707be34c2462dd98de22c74a8cc32b57707be34c2462dd98d",""
"URL","http://www.google.ru/url?sa=t&rct=j&q=&esrc=s&source=web&cd=1&cad=rja&uact=8&ved=0CB0QFjAA&url=http%3A%2F%2Fwww.kiwibank.co.nz%2F&ei=Aiw5VdTIIOexygPmrICYAw&usg=AFQjCNELfZNkSYpWEw-L5uPiOPhXDrmM1A&sig2=05ZMMTRUrLmQlMRR0Us83w&bvm=bv.91427555",""
"URL","http://chase-banking5.world/Safe&amp;Secure-Online-Banking-Login",""
"URL","http://fitfat.pk/UPBOA/OnLineAccoUnt/BankkofAmerrica/Bofa/confirm.php?cmd=login_submit&amp;id=459b479729343e243ad4393d96b28133459b479729343e243ad4393d96b28133&amp;session=459b479729343e243ad4393d96b28133459b479729343e243ad4393d96b28133",""
"URL","http://fitfat.pk/UPBOA/OnLineAccoUnt/BankkofAmerrica/Bofa/confirm.php?cmd=login_submit&amp;id=3ba5c22788dfbec3f69a13df683ca0d73ba5c22788dfbec3f69a13df683ca0d7&amp;session=3ba5c22788dfbec3f69a13df683ca0d73ba5c22788dfbec3f69a13df683ca0d7",""
"URL","http://chase-banking.world/Safe&amp;Secure-Online-Banking-Login/error.html",""
"URL","http://chase-com0.world/Safe&amp;Secure-Chase-Bank-Online-Login/error.html",""
"URL","http://chase-com0.world/Safe&amp;Secure-Chase-Bank-Online-Login",""
"URL","http://chase-banking0.world/Safe&amp;Secure-Online-Banking-Login",""
"URL","http://account-dashbord.world/Safe&amp;Secure-Chase-Bank-Online-Login",""
"URL","https://www.sjcon.com.au/AA/online-banking/Validation/step1.php?cmd=login_submit&amp;id=5a05e7975f4f1c5b0e21f12ef8daaffd5a05e7975f4f1c5b0e21f12ef8daaffd&amp;session=5a05e7975f4f1c5b0e21f12ef8daaffd5a05e7975f4f1c5b0e21f12ef8daaffd",""
"URL","https://sjcon.com.au/chse/online-banking/Validation/step1.php?cmd=login_submit&amp;id=0737e43e0c814a44894bfd31f0d8fbdd0737e43e0c814a44894bfd31f0d8fbdd&amp;session=0737e43e0c814a44894bfd31f0d8fbdd0737e43e0c814a44894bfd31f0d8fbdd",""
"URL","http://lamiciacooking.com.au/css/online-banking/Validation/step2.php?cmd=login_submit&amp;id=f6020b77612fbc7e371a2392c699002bf6020b77612fbc7e371a2392c699002b&amp;session=f6020b77612fbc7e371a2392c699002bf6020b77612fbc7e371a2392c699002b",""
"URL","http://lamiciacooking.com.au/css/online-banking/Validation/login.php?cmd=login_submit&amp;id=86b48f4af9539a059c2fb6ef099f39b286b48f4af9539a059c2fb6ef099f39b2&amp;session=86b48f4af9539a059c2fb6ef099f39b286b48f4af9539a059c2fb6ef099f39b2",""
"URL","http://lamiciacooking.com.au/css/online-banking/Validation/login.php?cmd=login_submit&amp;id=f4ebc0f1d6d3359a77f190a2a33e521ef4ebc0f1d6d3359a77f190a2a33e521e&amp;session=f4ebc0f1d6d3359a77f190a2a33e521ef4ebc0f1d6d3359a77f190a2a33e521e",""
"URL","http://lamiciacooking.com.au/css/online-banking/Validation/login.php?cmd=login_submit&amp;id=2bb9c4f9dd15b9d6140c1063bf53c8ca2bb9c4f9dd15b9d6140c1063bf53c8ca&amp;session=2bb9c4f9dd15b9d6140c1063bf53c8ca2bb9c4f9dd15b9d6140c1063bf53c8ca",""
"URL","http://lamiciacooking.com.au/css/online-banking/Validation/step2.php?cmd=login_submit&amp;id=89cf9e7f0054f174bdf8312861d6534d89cf9e7f0054f174bdf8312861d6534d&amp;session=89cf9e7f0054f174bdf8312861d6534d89cf9e7f0054f174bdf8312861d6534d",""
"URL","http://lamiciacooking.com.au/css/online-banking/Validation/step1.php?cmd=login_submit&amp;id=3fc1cb0497bdb9fdcad046a9fb32fb593fc1cb0497bdb9fdcad046a9fb32fb59&amp;session=3fc1cb0497bdb9fdcad046a9fb32fb593fc1cb0497bdb9fdcad046a9fb32fb59",""
"URL","http://lamiciacooking.com.au/css/online-banking/Validation/step1.php?cmd=login_submit&amp;id=9418e73aca3121cbef6014a614160b839418e73aca3121cbef6014a614160b83&amp;session=9418e73aca3121cbef6014a614160b839418e73aca3121cbef6014a614160b83",""
"URL","http://www.epicparty.info/wide/dropbox/dropbox/domain/?rand=WebAppSecurityservice=mail&amp;passive=true&amp;rm=false&amp;continue=1&amp;email=abuse@greenbankusa.com",""
"URL","http://secure.bankofamerica.com.online-banking.mlopfoundation.com/log-in/signOnV2Screen.go.html?msg=ExceptionV2account-details&amp;session=569144900d04508371b29e7c0626f80f401059d762736c899cfc5268ecc216c05278e2b7",""
"URL","http://www.icscardsnl-mijncard.info/465873/veiligheid/worldcard/553285014117/onlinebanking/iyz7Uq/?onlinebanking?operator=protect&amp;s=true&amp;userID=3497",""
"URL","http://www.icscardsnl-mijncard.info/425062/portalviewer/netherlands/357034965464/banking/fgyR/?banking?operator=protect&amp;s=true&amp;userID=5258",""
"URL","http://www.icscardsnl-mijncard.info/772734/klantenrekening/netherlands/214275919925/banking/H7a/?banking?operator=protect&amp;s=true&amp;userID=9019",""
"URL","http://khanhgiang.com/public/editor/source/dfdwsdj/lolsel/admmin.php?Email=s.mehdiyev@expressbank.az&amp;.rand=13vqcr8bp0gud&amp;lc=1033&amp;id=64855&amp;mkt=en-us&amp;cbcxt=mai&amp;snsc=1",""
"URL","http://www.ego-odszkodowania.pl/banksupport.com/banksupport.com/index/info.php?cmd=login_submit&amp;id=02c81d665006e75524e131b4368e152002c81d665006e75524e131b4368e1520&amp;session=02c81d665006e75524e131b4368e152002c81d665006e75524e131b4368e1520",""
"URL","http://www.starfleetepsilon.com/application/views/secure/DHL/index.php?rand=13InboxLightaspxn.1774256418&amp;fid&amp;1252899642&amp;fid.1&amp;fav.1&amp;email=abuse@commercebank.com",""
"URL","http://vindetect.cz/patrani/css/bankofamerica/bankofamerica/webscr%3Dlogineqdqsd654654/signon.php?section=signinpage&amp;update=&amp;cookiech",""
"URL","http://www.firenicemechanical.com/services/unlimit.php?email_from=abuse@aol.com&amp;sub=online.citibank.com.pcTpEAPNaq",""
"URL","http://papasperfectpoop.com/wp-includes/wp-admin/chase/CHASE/Chase0ChaseChasechase-Online/wwwhttpsChase-Chase0ChaseOnline/wwwChaseOnlinebankingcom-account0notifications0CentreUSA/index.php",""
"URL","http://depressieamsterdam.nl/wp-admin/img/0/index.htm",""
"URL","http://depressieamsterdam.nl/wp-admin/img/4/index.htm",""
"URL","http://redpoint.gr/bin/login/TD%20Bank%20Online%20Banking_files/step1.php",""
"URL","http://redpoint.gr/bin/login/TD%20Bank%20Online%20Banking_files/step2.php",""
"URL","http://www.gpdi.or.id/includes/www.itau.com.br/Digitau-bankline/gclid/",""
"URL","http://thebrokerprotocol.com/confirm/asb.co.nz/index.htm",""
"URL","http://halikbankhediyesi-online.com",""
"URL","http://lamiciacooking.com.au/css/online-banking/Validation/step2.php?cmd=login_submit",""
"URL","http://bit.ly/009u209040970924089u23",""
"URL","http://ficaaas.com/barclays/barclays/HomeBarclaysBankfff/money/",""
"URL","http://www.lider-revda.ru/peace/",""
"URL","http://jc00pnc0home0.000webhostapp.com/HOMEPNc2017%20_1/HOMEPNc2017/auth/",""
"URL","https://caribbeancmc.com/Asb.co.nz/2017/index.htm",""
"URL","https://www.nbdnationalbank.com/",""
"URL","http://223.27.21.160/images/bankofamerica.com/bankofamerica.com/safe.ssl.confirm.onlinebankingofamerica.com",""
"URL","https://triangleintelligence.com/bofa/user/fjk/crypt/index.php",""
"URL","http://finance1online.com/wachovia-online-banking/",""
"URL","http://www.jenntechsystems.com/wp-includes/txt/pdf/",""
"URL","http://ethicalbusinessupdate.com/NetBanking.Banreservas/banreservas/Login.htm",""
"URL","http://madhaengineeringandtechnology.com/de/sparkasse/login-online-banking.html=true/",""
"URL","http://www.larcenterimoveis.com.br/2.php",""
"URL","http://danberry.site.aplus.net/BankOfAmerica/signOnScreen.go/sitekeyverification.php",""
"URL","http://bankohlventures.com/wp-admin/js/M5N/index.htm",""
"URL","http://dachdeckermeister-steffenoehler.de/libraries/joomla/http/transport/http/",""
"URL","https://jpmorganchasesecurebank.typeform.com/to/QMpmEW",""
"URL","http://www.nopyui.men/usbnkpoiiuwycbnkjshtyuiropwsdj/sdfghjkpoiuytrertywcvbnm/usbnwertuixcvbnfghaldketeyu/usbnkwryeurtagsgdjpje/",""
"URL","http://donefb.bankalart.com/",""
"URL","http://www.collex.com.vn/online/onlinebanking/second.htm",""
"URL","http://advancedinternet.net/dropbox/bank_wire",""
"URL","https://elsembrador.com.mx/wp-includes/js/js.htm",""
"URL","http://www.morfin.co.nz/wp-admin/css/update-bankofamerica/step2.php",""
"URL","http://simis.siambrothersvn.com/font/www.rbs.co.uk/",""
"URL","http://fsb.com.bd/priya/font-awesome/fonts/www.bankofamerica.com/index.php",""
"URL","http://admininformationonline1322.000webhostapp.com/bo2a%201/enbofa-auth/B/index.php",""
"URL","http://lamiciacooking.com.au/css/online-banking/Validation/login.php?c",""
"URL","https://www.morfin.co.nz/wp-admin/css/update-bankofamerica/step2.php",""
"URL","http://jnknutrition.com/style/news/fun/qec.php",""
"URL","http://www.onlinelogin.us/commerce-bank-login/",""
"URL","http://mawarrental.com/d2Yp626K/services/da95831190daf6365ba6097b62f1fd3c/index.html",""
"URL","https://ibank.standardchartered.com.my/nfs/login.htm?err=",""
"URL","http://getfbme.bankalart.com/",""
"URL","http://doubleedgemusic.com/wp-includes/ID3/loag-/",""
"URL","http://faradaysdubai.com/rrm/rrm.php",""
"URL","http://global-sbc.net/Public%20Islamic%20Bank/DH19IJUENHND6453BDT3YD7DXGSFAY/",""
"URL","http://roupasweb.com.br/redirecting.php",""
"URL","http://bclbank.com/",""
"URL","http://www.zuckhan.com.br/acqualina/zuc.htm",""
"URL","http://jpservers.in/csp/csp.php",""
"URL","http://bankimsardarcollege.org/bscbkend/ckeditor/cnj/adobeCom/",""
"URL","http://portalgrupobuaiz.com.br/cpp/cpp.php",""
"URL","http://www.onlinelogin.us/bank-of-the-west-login/",""
"URL","http://myfidelitybankbenefits.com/myfidelitybankbenefits.com",""
"URL","http://gait-inc.org/confi/bank-of-india-net-banking-application/citibank-credit-card-payment-through-online-sbi-through-billdesk.php",""
"URL","http://secure-banklogin.us/regions-online-banking-login/",""
"URL","http://www.myfidelitybankbenefits.com/wp-login.php?redirect_to=http://myfidelitybankbenefits.com/myfidelitybankbenefits.com",""
"URL","http://www.bitly.com/WYUUSDHFOSIDFUUOASUA0",""
"URL","http://havytab.com/override/page2.html",""
"URL","http://ankogo.cn/~rotexscr/css/css_files/sys/online-banking/auth/index.html",""
"URL","http://blog.bdipo.com/wp-includes/bankeee?email=abuse@netscape.com",""
"URL","http://www.logowanie-mbank.pl",""
"URL","http://osmanni.com/modules/tracker/microsoft.office365.com/c2b2e109172b6e2916cc60d8836abecbce62402d5b07a35c8ad4fb1795e37f1a5cccb64f3c7da542c16f067a61561fc38b72ce56e8c5052381abdfe4fb871dd8/outlook.office365.com/index.php?loginid=abuse@kbc.ie",""
"URL","http://firedept.ru/upload/forum/avatar/408/",""
"URL","http://tbilisi-portal.com/administrator/components/red.php",""
"URL","http://bit.ly/65EDRWAR",""
"URL","http://www.security-ins.com/wp-includes/SimplePie/XML/Declaration/file/",""
"URL","http://small-choices.com/wp-includes/SimplePie/HTTP/en_AU/cgi-bin/ib/301_start.pl-browser=correct/login.php",""
"URL","http://astrology.vlz.ru/poll/templates/meth.php",""
"URL","http://minhon.pt/asbc/login.htm",""
"URL","http://firedept.ru/index.html",""
"URL","http://www.hrt.is/xxx.php",""
"URL","http://guiguipartenlive.free.fr/templates/rhuk_milkyway/html/p/",""
"URL","http://www.kimetsport.com/sites/default/files/languages/index.php",""
"URL","http://nethakloba.com/mag98272@shg2876JJSKKSH",""
"URL","http://www.oasisconvention.com/1/",""
"URL","http://bit.ly/2oQ0Ynz",""
"URL","http://herbergvanboxtel.nl/wp-includes/7.htm",""
"URL","http://news.violetpalm.com/re?l=D0I10eagl4IaagudewI0",""
"URL","http://remont086.ru/administrator/includes/Easyweb%20TD%20Bank%20Trust%20Canada%20Online%20Banking/",""
"URL","http://bit.ly/2nRhdk1",""
"URL","http://pintapinta.cl/media/pud.php",""
"URL","http://nostagiko.org/?32u321IshDEV0plv6U4QD6H6ldfAl9ju4ogGSIg",""
"URL","http://karasserybank.com/da9c13eff2b8731f4bdf11c95d059ecbda9c13eff2b8731f4bdf11c95d059ecb/618735a7c9209dc2ecdc8a22b793d39a618735a7c9209dc2ecdc8a22b793d39a/319c03858a4ec8cef3e03d46744fc792319c03858a4ec8cef3e03d46744fc792/Login/Login/Paypal-update/Login.php",""
"URL","http://karasserybank.com/da9c13eff2b8731f4bdf11c95d059ecbda9c13eff2b8731f4bdf11c95d059ecb/618735a7c9209dc2ecdc8a22b793d39a618735a7c9209dc2ecdc8a22b793d39a/319c03858a4ec8cef3e03d46744fc792319c03858a4ec8cef3e03d46744fc792/Login/Login/Paypal-update/Login.php",""
"URL","http://karasserybank.com/da9c13eff2b8731f4bdf11c95d059ecbda9c13eff2b8731f4bdf11c95d059ecb/618735a7c9209dc2ecdc8a22b793d39a618735a7c9209dc2ecdc8a22b793d39a/319c03858a4ec8cef3e03d46744fc792319c03858a4ec8cef3e03d46744fc792/Login/Login/Paypal-update/Login.php",""
"URL","http://karasserybank.com/da9c13eff2b8731f4bdf11c95d059ecbda9c13eff2b8731f4bdf11c95d059ecb/618735a7c9209dc2ecdc8a22b793d39a618735a7c9209dc2ecdc8a22b793d39a/319c03858a4ec8cef3e03d46744fc792319c03858a4ec8cef3e03d46744fc792/Login/Login/Paypal-update/Login.php",""
"URL","http://karasserybank.com/da9c13eff2b8731f4bdf11c95d059ecbda9c13eff2b8731f4bdf11c95d059ecb/618735a7c9209dc2ecdc8a22b793d39a618735a7c9209dc2ecdc8a22b793d39a/319c03858a4ec8cef3e03d46744fc792319c03858a4ec8cef3e03d46744fc792/Login/Login/Paypal-update/Login.php",""
